{"cameraMode":{"drawMode":0,"name":"Shaded","section":"Shading Mode"},"sceneLighting":true,"audioPlay":false,"sceneViewState":{"showFog":true,"showMaterialUpdate":false,"showSkybox":true,"showFlares":true,"showImageEffects":true,"showParticleSystems":true},"in2DMode":false,"pivot":{"x":-0.3714551329612732,"y":6.004622936248779,"z":-0.6695846319198608},"rotation":{"x":-0.6157298684120178,"y":0.002831054152920842,"z":-0.002217446453869343,"w":-0.7879604697227478},"size":4.908576965332031,"orthographic":false}